Qint,Qec
5091.712890625,5091.712890625
