SNO_2,SNO_1,SNO_3,CODTN,SNH_in,Flow,Temp,time
1.88751679831512,3.37417496997841,4.17934690853864,2.05535177524207,3.76474891403835,20648,14.8581,1.12569444444444
